<application>
  <component name="FileTypeManager" version="17">
    <extensionMap>
      <mapping ext="template" type="JSON" />
      <mapping pattern="process-debug" type="PLAIN_TEXT" />
      <mapping pattern="input" type="PLAIN_TEXT" />
      <mapping pattern="test" type="PLAIN_TEXT" />
      <mapping pattern="brands" type="PLAIN_TEXT" />
      <mapping pattern="ingest-reference-data" type="PLAIN_TEXT" />
      <mapping pattern="user11" type="PLAIN_TEXT" />
      <mapping pattern="influxdb-dump" type="PLAIN_TEXT" />
      <mapping pattern=".sbtopts" type="PLAIN_TEXT" />
      <mapping pattern="987654321" type="PLAIN_TEXT" />
      <mapping pattern="spark-submit-flamegraph" type="PLAIN_TEXT" />
      <mapping pattern="123456789" type="PLAIN_TEXT" />
      <mapping pattern="output" type="PLAIN_TEXT" />
      <mapping ext="dsl" type="PLAIN_TEXT" />
      <mapping ext="gpg" type="PLAIN_TEXT" />
      <mapping ext="tsv" type="PLAIN_TEXT" />
      <removed_mapping ext="log" approved="true" type="PLAIN_TEXT" />
      <removed_mapping ext="bat" approved="true" type="PLAIN_TEXT" />
      <removed_mapping ext="cmd" approved="true" type="PLAIN_TEXT" />
      <removed_mapping pattern="Dockerfile" approved="true" type="PLAIN_TEXT" />
      <removed_mapping ext="bat" approved="true" type="PLAIN_TEXT" />
      <removed_mapping ext="log" approved="true" type="PLAIN_TEXT" />
      <removed_mapping ext="dockerfile" approved="true" type="textmate" />
      <removed_mapping ext="makefile" approved="true" type="textmate" />
      <removed_mapping ext="cmd" approved="true" type="PLAIN_TEXT" />
      <removed_mapping ext="snakefile" approved="true" type="textmate" />
    </extensionMap>
  </component>
</application>